{
    "status": 1,
    "label": {
        "menu": "Profile",
        "title": "Profile"
    },
    "logo": {
        "status": 1,
        "url": "./image/logo.png",
        "width": "80px",
        "height": "80px"
    },
    "description": "Kami adalah perusahaan yang bergerak dibidang internet service provider & IT Solution.<br><br><strong>Link beli source code di sini</strong>:<br><a style='color: #3b82f6' href='https://eriksanjaya.mayar.link/catalog/source-code-katalog-produk-dengan-vitejs-html-vanilla-js-dan-tailwind-css/'>https://eriksanjaya.mayar.link/catalog/source-code-katalog-produk-dengan-vitejs-html-vanilla-js-dan-tailwind-css</a>",

    "telp": {
        "status": 1,
        "value": "08967205xxxx"

    },

    "email": {
        "status": 1,
        "value": "email_anda@gmail.com"

    },

    "address": {
        "status": 1,
        "value": "Gg. Mulus, No. 08"
    }
}