{
    "status": 1,
    
    "menu": {
        "position": "up",
        "_comment": "normal / up"
    },
    
    "label": {
        "menu": "Store",
        "title": "Store",
        "button": {
            "addToCart": "+ Keranjang"
        }
    },
    
    "data": [
        {
            "imageUrl": "./image/produk/backpack.webp",
            "name": "Backpack",
            "price": "120000"

        },
        {
            "imageUrl": "./image/produk/coffe-cup.webp",
            "name": "Coffe Cup",
            "price": "35000"

        },
        {
            "imageUrl": "./image/produk/wash-machine.webp",
            "name": "Washing Machine",
            "price": "3200000"

        },
        {
            "imageUrl": "./image/produk/gamepad.webp",
            "name": "Gamepad",
            "price": "90000"

        },
        {
            "imageUrl": "./image/produk/coffee.webp",
            "name": "Coffee",
            "price": "27000"

        },
        {
            "imageUrl": "./image/produk/donut.webp",
            "name": "Donut",
            "price": "9700"

        }
    ]
}