{
    "status": 1,

    "label": {
        "menu": "Info",
        "title": "Informasi"
    },
    
    "data": [
        {
            "imageUrl": "./image/avatar.webp",
            "name": "Erik Sanjaya",
            "description": "Saya jual source code hasil belajar, bukan jual kelas jadi tidak terima konsultasi / tanya jawab. <br>silakan utak atik sendiri ya.<br><br><ul><li>- Html</li><li>- Vanilla JS</li><li>- Tailwind Css</li><li>- ViteJs</li></ul><br>Untuk datanya sendiri bukan dari <strong>Database</strong>, melaikan dari file <strong>.json</strong><br>Input manual di file .json<br><br>Untuk menjalankannya Anda perlu install NodeJS minimal versi 14.18+<br><br>Cara jalankan project:<br>npm install<br>npm run dev<br><br><strong>Link pembelian</strong>:<br><a style='color: #3b82f6' href='https://eriksanjaya.mayar.link/catalog/source-code-katalog-produk-dengan-vitejs-html-vanilla-js-dan-tailwind-css/'>Beli source code ini sekarang</a>"

        },
        {
            "imageUrl": "./image/avatar.webp",
            "name": "Erik Sanjaya",
            "description": "Jangan bilang terlalu rame warnanya, ada file <strong>themes.json</strong>, mau diubah putih semua juga bisa 😂, <br /><br /><strong>Link pembelian</strong>:<br><a style='color: #3b82f6' href='https://eriksanjaya.mayar.link/catalog/source-code-katalog-produk-dengan-vitejs-html-vanilla-js-dan-tailwind-css/'>Beli source code ini sekarang</a>"
        },
        {
            "imageUrl": "./image/avatar.webp",
            "name": "Support",
            "description": "Maaf ada maintenance, pengerjaan kurang lebih 1 jam."

        },
        {
            "imageUrl": "./image/avatar.webp",
            "name": "Owner",
            "description": "Selamat datang"

        }
    ]
}