{
    "status": 1,

    "buttonOrder": {
        "status": 1,
        "url": "https://eriksanjaya.mayar.link/catalog/source-code-katalog-produk-dengan-vitejs-html-vanilla-js-dan-tailwind-css",
        "text": "Beli"
    },

    "label": {
        "menu": "Beli Pulsa",
        "title": "Beli Pulsa"
    },

    "data": [
        {
            "name": "1.000",
            "description": "Masa aktif 30 hari",
            "price": "1800",
            "bgColor": "#f9a8d4",
            "color": "#334155"
        },
        {
            "name": "2.000",
            "description": "Masa aktif 30 hari",
            "price": "2500",
            "bgColor": "#93c5fd",
            "color": "#334155"
        },
        {
            "name": "3.000",
            "description": "Masa aktif 30 hari",
            "price": "3500",
            "bgColor": "#c4b5fd",
            "color": "#334155"
        },
        {
            "name": "5.000",
            "description": "Masa aktif 30 hari",
            "price": "6500",
            "bgColor": "#bef264",
            "color": "#334155"
        },
        {
            "name": "8.000",
            "description": "Masa aktif 30 hari",
            "price": "8800",
            "bgColor": "#86efac",
            "color": "#334155"
        },
        {
            "name": "10.000",
            "description": "Masa aktif 30 hari",
            "price": "11500",
            "bgColor": "#5eead4",
            "color": "#334155"
        }
    ]
}